id,title,content,text,url,published,source,source_category,publisher,collected_at
4181d3430cad1240,SAP Quarterly Statement Q1 2026 - PR Newswire,SAP Quarterly Statement Q1 2026 PR Newswire,SAP Quarterly Statement Q1 2026 - PR Newswire. SAP Quarterly Statement Q1 2026 PR Newswire,https://news.google.com/rss/articles/CBMikAFBVV95cUxNVE96WGdBOGNJVnFEMmdyRkc2OGlYaVZTZGZmZmF1RVZVMjBTLXFuOGxINFFUSU9rUXl2Qkp6ODNVeWUtV1VKYU5yRU5BZzJVcVRBQ09SZEhtT0p6TXBCOS1vOHhQcjBNa1Z2RzVUOVAxd2hPTWVDRHdhMTJwZHh5VFhIUWZPaUVRZElmZENhY3Y?oc=5,"Thu, 23 Apr 2026 07:00:00 GMT",Google News - SAP Investor Relations,market,PR Newswire,2026-06-22T20:07:38+00:00
3f3923267179b9e6,SAP Announces Q2 and HY 2025 Results - SAP News Center,SAP Announces Q2 and HY 2025 Results SAP News Center,SAP Announces Q2 and HY 2025 Results - SAP News Center. SAP Announces Q2 and HY 2025 Results SAP News Center,https://news.google.com/rss/articles/CBMidEFVX3lxTE5XX1Itbl9ESEdQLVlvay1nSm5zNVZyWmRSaDBZcnlGLWQ2Q1hDMUFYOWtfWl9Xc0VMazJRNDg5eEt0eHFKZ1pSR0dRR19DY09lZ0FnaHpWN3V2SkVPUUVkQlFTM2J6ckI3ZHlBNzBhb1Z3VTdM?oc=5,"Tue, 22 Jul 2025 07:00:00 GMT",Google News - SAP Investor Relations,market,SAP News Center,2026-06-22T20:07:38+00:00
a225929f975599eb,Earnings call transcript: SAP Q1 2026 sees mixed results; stock dips - Investing.com,Earnings call transcript: SAP Q1 2026 sees mixed results; stock dips Investing.com,Earnings call transcript: SAP Q1 2026 sees mixed results; stock dips - Investing.com. Earnings call transcript: SAP Q1 2026 sees mixed results; stock dips Investing.com,https://news.google.com/rss/articles/CBMivwFBVV95cUxQU1dYbGZmZ1VqNnJ5N1p4c1Z2Q3ZVTWRqM1g1cHNNUnlNMmQyVUpzeFFZQWo1ZVB3QmhRZHhkaXVzSHhGYkNfa0hyWmtIVmxBLXZCUEF3alM2TlVZeHlXSHRBSENEMXBqZDRzNE9lWXVSYUJEMHNyaFNzY040OFJ4eGExWEptd211YVJoa0UxT0RsU01QcnVyX2pITkFwcTZsaXlqZHBDQ1FVTlVjZzdlQmRqamFFaWtPaHZEelI0OA?oc=5,"Thu, 23 Apr 2026 07:00:00 GMT",Google News - SAP Investor Relations,market,Investing.com,2026-06-22T20:07:38+00:00
2789a393b5f565f4,SAP Announces Q1 2026 Results - SAP News Center,SAP Announces Q1 2026 Results SAP News Center,SAP Announces Q1 2026 Results - SAP News Center. SAP Announces Q1 2026 Results SAP News Center,https://news.google.com/rss/articles/CBMia0FVX3lxTE9mMy12RldpcGNaRXd6YVpJLWQ0MzdtWlFoNVlfamRDSnFScDlESWZMQXRvcDNXN1NjLWIyVkJnekJpYlJJQXF2U0pxcTA1VmpBTnBoMXJmNm9Ua09QN3VsVXpaenhMNzR1UVEw?oc=5,"Thu, 23 Apr 2026 07:00:00 GMT",Google News - SAP Investor Relations,market,SAP News Center,2026-06-22T20:07:38+00:00
53191cdca71a67a6,SAP Financial Results Q1 2026 - IgniteSAP,SAP Financial Results Q1 2026 IgniteSAP,SAP Financial Results Q1 2026 - IgniteSAP. SAP Financial Results Q1 2026 IgniteSAP,https://news.google.com/rss/articles/CBMiYkFVX3lxTE1nQlBqVEg5Q3FWaDhucE5vX0JEVFI2aFpPT2FsMG9XaHZJQV9mUmRXQko1N1pBQWl5d19oOE1nTTVQcE1IUjRucW1TN0JUQ25SVVBQbzhRbm1kbUxDWmJUZDhR?oc=5,"Fri, 24 Apr 2026 07:00:00 GMT",Google News - SAP Investor Relations,market,IgniteSAP,2026-06-22T20:07:38+00:00
a55f7900678cc96f,SAP Quarterly Statement Q4 2025 - Investing News Network,SAP Quarterly Statement Q4 2025 Investing News Network,SAP Quarterly Statement Q4 2025 - Investing News Network. SAP Quarterly Statement Q4 2025 Investing News Network,https://news.google.com/rss/articles/CBMiakFVX3lxTE04akQtWVRfNGd1TkVreXRVajFoOGs2SzJLaDVUQk1kVm9LQm9GcUs4VG9VbTVsUVZGX3ZrcVYycWE5TkZUdHhJTnVhcHdrYmk1ZzFobEk3Z2VTR3RqanVhUTIzZGlqYVFPT1E?oc=5,"Wed, 28 Jan 2026 08:00:00 GMT",Google News - SAP Investor Relations,market,Investing News Network,2026-06-22T20:07:38+00:00
7c17381286d628be,SAP jumps 6.2% as investors focus on strong cloud momentum and fresh AI â€śautonomous enterpriseâ€ť push - Quiver Quantitative,SAP jumps 6.2% as investors focus on strong cloud momentum and fresh AI â€śautonomous enterpriseâ€ť push Quiver Quantitative,SAP jumps 6.2% as investors focus on strong cloud momentum and fresh AI â€śautonomous enterpriseâ€ť push - Quiver Quantitative. SAP jumps 6.2% as investors focus on strong cloud momentum and fresh AI â€śautonomous enterpriseâ€ť push Quiver Quantitative,https://news.google.com/rss/articles/CBMi5gFBVV95cUxORGpMUlhSUl96VjR2U29LSXZiRTBKT1VjNURCV21GaEJyNjdMZWRyVEFEVFRnNVN6T0YxTTN2S2xtTkdRbFRYWFpJXzloU0ttVFdrWWNoWVFKUWNyWVdtQU0zenRoclpQMjE1UUo0THpyS09WQi1lX3FIVVFYWUpxeUpKblVCNGJPLXBzNktDanAwdVE2c090WHY5RlhWUVhZSkNsRE5uVl8yZmN2Y0xnRnJ3MXJYWHU5ZGg4eFVna3JyVUo5NXlIaDlQLUo3eUJXOU84NU1VeFZ4c3pPOFJaRThuUlBRZw?oc=5,"Mon, 01 Jun 2026 07:00:00 GMT",Google News - SAP Investor Relations,market,Quiver Quantitative,2026-06-22T20:07:38+00:00
cca1f782926e018b,SAP Quarterly Statement Q3 2025 - PR Newswire,SAP Quarterly Statement Q3 2025 PR Newswire,SAP Quarterly Statement Q3 2025 - PR Newswire. SAP Quarterly Statement Q3 2025 PR Newswire,https://news.google.com/rss/articles/CBMikAFBVV95cUxPTGdvTkxnSGJ6VGFSRjI5U0pVZW93ejVCMEl0QTR5YkFpLTNiSXNsUWg1VU8zbm92YThxYjcwdDNtaHZKemxTVFJDcmhuQllHU3hJT3Y1eDlTQ2szWjltMXZaTnpNbEJkNnV6VWlPVVk1ZmxOaGlZRUxid015bG5uVkptWFlBVXUzTGI4MTE2TzY?oc=5,"Wed, 22 Oct 2025 07:00:00 GMT",Google News - SAP Investor Relations,market,PR Newswire,2026-06-22T20:07:38+00:00
5c450fc1851733a5,"SAP SE Stock Forecast | Tariffs, Q1 Results - Capital.com","SAP SE Stock Forecast | Tariffs, Q1 Results Capital.com","SAP SE Stock Forecast | Tariffs, Q1 Results - Capital.com. SAP SE Stock Forecast | Tariffs, Q1 Results Capital.com",https://news.google.com/rss/articles/CBMif0FVX3lxTE02S1JvUVJXUHZFbEd4NDdrUFJzRFlsYXhFV281akswaFBXZkNpTVA1MWNEbUFBclBHWnN4MTBrNHFtZWM3dERUUnFsRFVlVndKYmd1WDUxZllxcjM0OUxJT1lTWWdCczEwVEI3Z3RpNUtqUzhOWDdIQlVzZDZTX0U?oc=5,"Fri, 10 Apr 2026 07:00:00 GMT",Google News - SAP Investor Relations,market,Capital.com,2026-06-22T20:07:38+00:00
e8bb5147f83bacd0,SAP Announces Q4 and FY 2025 Results - SAP News Center,SAP Announces Q4 and FY 2025 Results SAP News Center,SAP Announces Q4 and FY 2025 Results - SAP News Center. SAP Announces Q4 and FY 2025 Results SAP News Center,https://news.google.com/rss/articles/CBMidEFVX3lxTFBsODNKcmtOSVhJZE4xUWlTMWlQTHdQamo1Qmt2R0M0TFVUZlJNTk94ZkE0ZHN2WGJmUzBJUUxJSnkzRHFBWEdYX3FudEVUaWV2R3lkc2Q3LUhKSmUydHBpMWsxb3hSYlY1YTI1d0dTVlg0dTVJ0gF8QVVfeXFMTkdGWE01QTRBSHJvNGEwUXJfVUZqVFBRTUk1ZWFvWG1PNHU4RzNhcFlCQlJCMUJJOUdDQ2FtVTI0NEZNaHJBeGNDMGFLZ1BNeWpXcl93R1AwRG5OaEk1elhvRVhfVTgxRmd0Mm5DQU1JRHZ2cXZiWW84eHVfVw?oc=5,"Thu, 29 Jan 2026 08:00:00 GMT",Google News - SAP Investor Relations,market,SAP News Center,2026-06-22T20:07:38+00:00
d23cad8b3b8ddc03,"Earnings call transcript: SAP Q4 2025 misses forecasts, shares steady - Investing.com","Earnings call transcript: SAP Q4 2025 misses forecasts, shares steady Investing.com","Earnings call transcript: SAP Q4 2025 misses forecasts, shares steady - Investing.com. Earnings call transcript: SAP Q4 2025 misses forecasts, shares steady Investing.com",https://news.google.com/rss/articles/CBMiwAFBVV95cUxQejZEZWFTUjUyVnM2QnJZUzNCd0ozdlVqemExVFpwd0RUV290Z0JQUGswUk52VHdhcEZvUUw4REVHM1ZBMWZHbHFJcnBmaXl6UlpyZjhIcWJPdUxaUnVQY19XWThScnRBcmdZUUpxemlNVmhSMmFoM3JOa0pTNWUzS1BVb1BzVWZrQWV4MkNRTmw3T09NNkhxSXE4aVpJcU8tTUcyMGpnZWNBNGNRWTZ5WG94NUk1RFhOdlN0SWp2bWY?oc=5,"Thu, 29 Jan 2026 08:00:00 GMT",Google News - SAP Investor Relations,market,Investing.com,2026-06-22T20:07:38+00:00
e102bac9332e625a,SAP Executive to Participate in Upcoming Investor Event in Q1 2026 - Investing News Network,SAP Executive to Participate in Upcoming Investor Event in Q1 2026 Investing News Network,SAP Executive to Participate in Upcoming Investor Event in Q1 2026 - Investing News Network. SAP Executive to Participate in Upcoming Investor Event in Q1 2026 Investing News Network,https://news.google.com/rss/articles/CBMimAFBVV95cUxNWnFnZWdmTWt5Q0loOWZ2bTRDZHM0TWVHZ0VTdE80Zk9WNWtKdTVhVV9ZZ0sxNW9PYWNoMTZjWEd2T0RZNVFRVmxXSzFPYnItaGpEZER3VThBWHlSYk9mdTQ0WE95LVZYYVZ2VkxWQkdBTE15azhVVzJTYkxWVzhrMTJHTkFwelpKdE1OenBHN3RiTzhDZ1VZeA?oc=5,"Mon, 16 Feb 2026 08:00:00 GMT",Google News - SAP Investor Relations,market,Investing News Network,2026-06-22T20:07:38+00:00
427dd8fc37a37b8d,SAP Announces Q3 2025 Results - SAP News Center,SAP Announces Q3 2025 Results SAP News Center,SAP Announces Q3 2025 Results - SAP News Center. SAP Announces Q3 2025 Results SAP News Center,https://news.google.com/rss/articles/CBMia0FVX3lxTE43WXB1UC1XdGlISkUzX0cyTldJeUtaSEtJWGZ5OUFoaVNEQWR6bkxFU3NEVU82QzF4V2lPVVJFWnZ4TzhwcFY4ZjlYWUhYTjlKYk9OWmF0S2k0a052VjBISjN0dXg3SWxUXy1F?oc=5,"Wed, 22 Oct 2025 07:00:00 GMT",Google News - SAP Investor Relations,market,SAP News Center,2026-06-22T20:07:38+00:00
d54ff2aef1b1d9a1,SAP Q1 2026 slides: cloud surges 27% but revenue miss triggers selloff - Investing.com,SAP Q1 2026 slides: cloud surges 27% but revenue miss triggers selloff Investing.com,SAP Q1 2026 slides: cloud surges 27% but revenue miss triggers selloff - Investing.com. SAP Q1 2026 slides: cloud surges 27% but revenue miss triggers selloff Investing.com,https://news.google.com/rss/articles/CBMiwwFBVV95cUxQaFJycUh0Y1RYemEybTNOMzFfdC1GOE5GekdwbHE3NEhfM0ZzY1FHN0wtc0tmblR1SHpZU1BRMTVkV2gwNEhqWU5VNTloY192UTNGVThvdG43YmEzQ2xDdHNXYlM1VjBTNzFEbW1KSEpmVktoZDAtbWFaV3NHcGQ2WW1lREhwR1o3cFN1bXdfM0p3M1ZTTDRiVUE0M3lveV9pU2JfTXVwdWZLaUFfOGJDc0JSM3ZqRDZCcE16S21jazdZUUk?oc=5,"Thu, 23 Apr 2026 07:00:00 GMT",Google News - SAP Investor Relations,market,Investing.com,2026-06-22T20:07:38+00:00
fc42a58698e6b681,"SAP Releases Integrated Report 2025, Files on Form 20-F with U.S. SEC | SAP News Center - SAP News Center","SAP Releases Integrated Report 2025, Files on Form 20-F with U.S. SEC | SAP News Center SAP News Center","SAP Releases Integrated Report 2025, Files on Form 20-F with U.S. SEC | SAP News Center - SAP News Center. SAP Releases Integrated Report 2025, Files on Form 20-F with U.S. SEC | SAP News Center SAP News Center",https://news.google.com/rss/articles/CBMi6wFBVV95cUxPeFFzS0ktNDk5dUhNbjFFVmdFbm93eXZqci1IZ3BSTXBlSERoT2FVakhHd0xBSUtobGtKYl9pWGl1VEw3dzRWSUxEdm5vUVNGYUJnSUQ3ZDhibWFHQ01uRDllTWpIa05lWWNRQUhZYU1ZTE9SdXE4OWJfc3VJMThMdWdTbG1MaDVMbW5qczE0eVF2X0lNX1d6VFpaR1VCNGJTQ3hCeDRBa2piOS0tUmVvcnY2TjNWM3hIVnpYZ1djME1PNENCbkhZNW5vR0s2RGNrNHN4MDVheG9yMDBUenZpcTBsOHhsVmNVZ0k0?oc=5,"Thu, 26 Feb 2026 08:00:00 GMT",Google News - SAP Investor Relations,market,SAP News Center,2026-06-22T20:07:38+00:00
349bdcfc8a7e3e3a,SAP Proposes Dividend of â‚¬2.50 per Share - SAP News Center,SAP Proposes Dividend of â‚¬2.50 per Share SAP News Center,SAP Proposes Dividend of â‚¬2.50 per Share - SAP News Center. SAP Proposes Dividend of â‚¬2.50 per Share SAP News Center,https://news.google.com/rss/articles/CBMiekFVX3lxTE15aHBqS2ZtVFJjVXprcFMzT2oyd0M4NFJYRkhxS28yY1Q2aHFzR2VOOEQ4N1lTN1ZpNVRlQUdheFpBMDJmZnlOcllfTXhMVUJuVHE0eXR2SXJXN0ptTEN1dWxSblFjeWF0UzNRN0J4QWVXUnNoR19uWG5n?oc=5,"Thu, 19 Feb 2026 08:00:00 GMT",Google News - SAP Investor Relations,market,SAP News Center,2026-06-22T20:07:38+00:00
66344dac4b880e06,SAP Q2 2025 slides: Cloud revenue surges 24% as AI innovations drive growth - Investing.com,SAP Q2 2025 slides: Cloud revenue surges 24% as AI innovations drive growth Investing.com,SAP Q2 2025 slides: Cloud revenue surges 24% as AI innovations drive growth - Investing.com. SAP Q2 2025 slides: Cloud revenue surges 24% as AI innovations drive growth Investing.com,https://news.google.com/rss/articles/CBMiygFBVV95cUxPTDFsSmlEWDB6RTVyQ2hvWnV6M0R1OXFEa2FZZk5xbk1kakVqVS1WcjRJQXJhN04yOHlLdmkybktLalpEVU9hQWVpZFlodWRJM2FFTW5zMEQ1ZDc2NVhxN19QSm5FbkZsSVJHWXpRQmxkWjZCYTV6aDlQMGhwVUMzNGhlcGVEcElNb1NpQWxZWHpQeTd2LTIyQ1FYYmZWQ1lFUUg0WXhNd1hBV3VjOXlFU0l2a2ZZeU1DTjVuRTI3akJJWW8zcm9LbE9n?oc=5,"Tue, 22 Jul 2025 07:00:00 GMT",Google News - SAP Investor Relations,market,Investing.com,2026-06-22T20:07:38+00:00
2f3fe63b0b7a6d39,Is SAP Staging A Comeback? (NYSE:SAP) - Seeking Alpha,Is SAP Staging A Comeback? (NYSE:SAP) Seeking Alpha,Is SAP Staging A Comeback? (NYSE:SAP) - Seeking Alpha. Is SAP Staging A Comeback? (NYSE:SAP) Seeking Alpha,https://news.google.com/rss/articles/CBMidEFVX3lxTE93a2Ftcm01dWF4UXM5YlRaeHgtOVJ0NV9uQU45R1Rkd3RrVGlIc3pDbkRWbDN2UWp2WEdvb2dxei1iYTZwcWZUR3hDV0tvR0NXbWZsMzRlSGs2RmZWcnRsWnd6a1cycXBUY01WRU4wZFNsREJI?oc=5,"Wed, 03 Jun 2026 07:00:00 GMT",Google News - SAP Investor Relations,market,Seeking Alpha,2026-06-22T20:07:38+00:00
1081fd96dcdbc3b2,SAP SE Stock Forecast | Business AI Platform Launch - Capital.com,SAP SE Stock Forecast | Business AI Platform Launch Capital.com,SAP SE Stock Forecast | Business AI Platform Launch - Capital.com. SAP SE Stock Forecast | Business AI Platform Launch Capital.com,https://news.google.com/rss/articles/CBMif0FVX3lxTFBXeU00VG11RC1adlY5VkhuaDB3YllkZ0lWX3hUeU01NFNPUTllZ3RYZlBkYm9vLWpJOWJTU1EzbkwwYm9iTExxUV82d0k3NmpEckN3Z0RyNVlWYW0xYlpuZzVlRW1Yd1JkWmg0cGF6Vmx1TWQ5Z2NCeW1LZng2eEE?oc=5,"Tue, 16 Jun 2026 14:16:00 GMT",Google News - SAP Investor Relations,market,Capital.com,2026-06-22T20:07:38+00:00
1dc94964b0970d2d,SAP SE 2026 Q1 - Results - Earnings Call Presentation (NYSE:SAP) 2026-04-23 - Seeking Alpha,SAP SE 2026 Q1 - Results - Earnings Call Presentation (NYSE:SAP) 2026-04-23 Seeking Alpha,SAP SE 2026 Q1 - Results - Earnings Call Presentation (NYSE:SAP) 2026-04-23 - Seeking Alpha. SAP SE 2026 Q1 - Results - Earnings Call Presentation (NYSE:SAP) 2026-04-23 Seeking Alpha,https://news.google.com/rss/articles/CBMilAFBVV95cUxPRGNSMDR2ZGFPWml3em5yVU5xWjlBY1FDWTVaVGRqTlc0TFRCbkd5NmNyOFNjaTVWWmJUYjlHYzVmNnNDQ1FaYmNCMXE1dDdvS1ctSEhBeHd3NjJYdmk4RjI0b1dZYmVZeDROUnBxNXhTb0ludGlrMTdlcjJzTlpWa2hDRlNJcVh1LUNTckN4ckxiR2dU?oc=5,"Thu, 23 Apr 2026 07:00:00 GMT",Google News - SAP Investor Relations,market,Seeking Alpha,2026-06-22T20:07:38+00:00
f634990b0480f8ca,SAP Q2 2025 presentation slides: cloud revenue surges 24% as AI drives growth - Investing.com,SAP Q2 2025 presentation slides: cloud revenue surges 24% as AI drives growth Investing.com,SAP Q2 2025 presentation slides: cloud revenue surges 24% as AI drives growth - Investing.com. SAP Q2 2025 presentation slides: cloud revenue surges 24% as AI drives growth Investing.com,https://news.google.com/rss/articles/CBMizAFBVV95cUxNWDF0b1AwTm9yTW8xZkw4d2gzaGlpTmNQWVRjOUdTSnNOWEVzbnc5S0xkODk0bHBYTGZTaGtwNEpTUVNueVd1NF9LQlJBZ1hWTzZGTkFBb2xRM3ljbHFCc09SbG9odWRvTUo0ajgwazBjNUtrb2g1bHplVWpHZTI3cFk2ckhfRm1sdzFaVGx0VjlfNkhZbFd2RTZCYjU5N1FwZHREQjNFM20ySlo2RnF5N1VucEpiTkEzRURqcy1MOTd6dUsxd09mVW9OMmE?oc=5,"Fri, 07 Nov 2025 08:00:00 GMT",Google News - SAP Investor Relations,market,Investing.com,2026-06-22T20:07:38+00:00
b531ce1c4c3f8388,SAP Announces Upcoming Financial Analyst Conference - Intellectia AI,SAP Announces Upcoming Financial Analyst Conference Intellectia AI,SAP Announces Upcoming Financial Analyst Conference - Intellectia AI. SAP Announces Upcoming Financial Analyst Conference Intellectia AI,https://news.google.com/rss/articles/CBMijgFBVV95cUxQUjNEbWphdFMweFNXYUl5aFRnNEV3bXVpWFQyMnZvY2F1NHNUNHB0RTJCTDVKT0ZUMUZORUc0bF9iN21LTFY3QU9lUVAzanpuVVVuVWFoTE9DTnU4ZGZQUjZwYndZOEJGTDZVenk0bUNCLWNOMGFRcnFwNkRRQkE4elZKRlJiYWVhY0dlX3Z3?oc=5,"Fri, 08 May 2026 07:00:00 GMT",Google News - SAP Investor Relations,market,Intellectia AI,2026-06-22T20:07:38+00:00
926ed720ea9f8002,SAP shares surge as investors cheer strong quarterly results - marketscreener.com,SAP shares surge as investors cheer strong quarterly results marketscreener.com,SAP shares surge as investors cheer strong quarterly results - marketscreener.com. SAP shares surge as investors cheer strong quarterly results marketscreener.com,https://news.google.com/rss/articles/CBMiswFBVV95cUxPckJUVVBWSmVPMVdRT0EzZ2NKNHRIdlVjMTA1N0NMMHY1QUUxQkFHLWxaU2lHOFZvMHFxSS1OY2xQYkFyaUdoOHhDaldvb0VWVWNZSXVLMzM2SGJ1VlM2V3Z1NzJVLTRxY0M0a0s2cy13WGFnbFlmTTdOS01wUmF3cUszbkhQcnlKM0EwbGw3dENFREp2ZE5IV2RoYU1oeEVVSTlyQXlNc1pfUWdfVTBkbkJ4VQ?oc=5,"Fri, 24 Apr 2026 07:00:00 GMT",Google News - SAP Investor Relations,market,marketscreener.com,2026-06-22T20:07:38+00:00
9f203a2425ca5c75,"SAP Q4 2025 slides: cloud revenue surges 26%, free cash flow nearly doubles - Investing.com","SAP Q4 2025 slides: cloud revenue surges 26%, free cash flow nearly doubles Investing.com","SAP Q4 2025 slides: cloud revenue surges 26%, free cash flow nearly doubles - Investing.com. SAP Q4 2025 slides: cloud revenue surges 26%, free cash flow nearly doubles Investing.com",https://news.google.com/rss/articles/CBMiyAFBVV95cUxOdmdqSFdkb1JlQXVsaFNEZVg3REp3M1BzMmFmVDd6Z3RMMGN2c3dOM1RQM0RRLU9yUFFNMnFwLTR6cHNudzRmLUdBeEh5NEFJcmVOWHdTSFo3WU5RZ1ZLRHVwdlVVVWhYMVVFYVd6MVNWQzRKZDNRb1EtaVZJbGlQMDRYRjVEcFlBSkpsMmtITHR2QzM3MFdZUE94UHRVdmZBS3I0U0xPMUExTWNLMGZNUEZCUjJRU0FCaFItZXFQWEtWcUFqMU9pbQ?oc=5,"Thu, 29 Jan 2026 08:00:00 GMT",Google News - SAP Investor Relations,market,Investing.com,2026-06-22T20:07:38+00:00
4ebd270b9551d4d9,"SAP: Finally, It's Time To Buy This Entrenched Software Giant (Upgrade) (NYSE:SAP) - Seeking Alpha","SAP: Finally, It's Time To Buy This Entrenched Software Giant (Upgrade) (NYSE:SAP) Seeking Alpha","SAP: Finally, It's Time To Buy This Entrenched Software Giant (Upgrade) (NYSE:SAP) - Seeking Alpha. SAP: Finally, It's Time To Buy This Entrenched Software Giant (Upgrade) (NYSE:SAP) Seeking Alpha",https://news.google.com/rss/articles/CBMiqwFBVV95cUxNR0VUZlNxLWFwOVRCdUQzQW1xTjlENkxCSk5tODBqVkhLNXdzZDNmeTR6Yk41ZWd6OUhFRkRrVkRPQWNwc0V4M3ZmWUhRZlUzUThHYWw0TkxZQzRvMmNTZXVGWkI5elNNWjNQZmJBS1VJVy03SmMxTnFHQ2RiWW5jVW12MjdLNGUxR1hPS3dPNFJILThOa0Q5WTRiaWhvWUVmOGd5MGNsdUx2dFE?oc=5,"Fri, 24 Apr 2026 07:00:00 GMT",Google News - SAP Investor Relations,market,Seeking Alpha,2026-06-22T20:07:38+00:00
d02c0b2b4e6dde44,Saputo (SAP) Investor presentation Summary - Quartr,Saputo (SAP) Investor presentation Summary Quartr,Saputo (SAP) Investor presentation Summary - Quartr. Saputo (SAP) Investor presentation Summary Quartr,https://news.google.com/rss/articles/CBMie0FVX3lxTE93SUdrYkh2S3FYWkJkSUpnRDctZ2NIcHBiVUZXLUdBaVpuMERhMEUxVGk2dWl5WjV4dlk3Sm8zaWo3aXFyYXhlSzJsQW1JVlZCYVU3UWZmRkpWYldXNnB0aW9pdkJ5aDZZaVlYeG02cFlCT0pNb2pKOWo0SQ?oc=5,"Thu, 05 Feb 2026 08:00:00 GMT",Google News - SAP Investor Relations,market,Quartr,2026-06-22T20:07:38+00:00
8b1a6061d806d565,SAP : Financial Document (sap 2026 q1 statement) - marketscreener.com,SAP : Financial Document (sap 2026 q1 statement) marketscreener.com,SAP : Financial Document (sap 2026 q1 statement) - marketscreener.com. SAP : Financial Document (sap 2026 q1 statement) marketscreener.com,https://news.google.com/rss/articles/CBMingFBVV95cUxQQnd5QmhEZHRzbVN3T3daVko3WEUwZ1FCLUtUalFtNXpwRjh6ZlFyU3lfelBqekRrYTBnXzJpNndMZ0I0MDBfVEZyWDBBMWtURHNRSkRRUE9Mc183R2xRcjJFUXVnZTBqYk9JLUhFNUJOVFhHQWpwWUhRLUVtUnNKckxCbHQ4VnhudDhnTlRFdjhQME5ZWDEyX1NiT2JWUQ?oc=5,"Thu, 23 Apr 2026 07:00:00 GMT",Google News - SAP Investor Relations,market,marketscreener.com,2026-06-22T20:07:38+00:00
902bed7ae820b2fe,SAP SE 2025 Q4 - Results - Earnings Call Presentation (NYSE:SAP) 2026-01-29 - Seeking Alpha,SAP SE 2025 Q4 - Results - Earnings Call Presentation (NYSE:SAP) 2026-01-29 Seeking Alpha,SAP SE 2025 Q4 - Results - Earnings Call Presentation (NYSE:SAP) 2026-01-29 - Seeking Alpha. SAP SE 2025 Q4 - Results - Earnings Call Presentation (NYSE:SAP) 2026-01-29 Seeking Alpha,https://news.google.com/rss/articles/CBMilAFBVV95cUxPWndOdXhIb1JpMHd1M0tYZ2F0VTdWWDBrc1hXNENYZEJXbFdENThMNEM5blIyZ0dTNWlHakNPaDZOTldfTHdsLWVIZjR3TVdVM2ZqNTFsX2dHZy16c2dmNU0wb3prazhHZGpLZnp0ZnZrWEZUY0NNS184M1l4R0xuS1U5U1Q1eW9lN3d4LS1WN1Vzby1X?oc=5,"Thu, 29 Jan 2026 08:00:00 GMT",Google News - SAP Investor Relations,market,Seeking Alpha,2026-06-22T20:07:38+00:00
aadf74304762c017,What Makes SAP (SAP) an Investment Bet? - Insider Monkey,What Makes SAP (SAP) an Investment Bet? Insider Monkey,What Makes SAP (SAP) an Investment Bet? - Insider Monkey. What Makes SAP (SAP) an Investment Bet? Insider Monkey,https://news.google.com/rss/articles/CBMihwFBVV95cUxPbk8wc2NtVUtnS2JUc0gxZ21LYU5HMloxdDVGZlVXZG4yU21RZl9WYlhWSUpqUzBRTTBkOVhWQjVQanBreld0bFlNTWlodW41NXVCXzlqNk1rTmNXdUVQTUhrLWlxaXRGX2NxWGxQcGxSSUxvR1E1ZVU5VFFFSF9jM01oUGxEaDjSAY8BQVVfeXFMTkFWcUE2QkJ3Y0JmWUFRQ2R4d0xmY19NNGhNYTZzeXhIRXJjZi16U25hZm9uUG9abENzVzZLZFlsMlprb3l4ZmxJMmNWcDlNMEZtcXRUcjl1UHBPcVAwNWRra25FRFIzbm9yVnNoX0UyTUx6dVZMQnlPTVQ2OHUyR2NlbWpBdTI0RHlNaEk1LVU?oc=5,"Fri, 19 Dec 2025 08:00:00 GMT",Google News - SAP Investor Relations,market,Insider Monkey,2026-06-22T20:07:38+00:00
5f8d4060a85e3802,â€‹â€‹SAP shares plunge up to 17% on disappointing cloud growth - ig.com,â€‹â€‹SAP shares plunge up to 17% on disappointing cloud growth ig.com,â€‹â€‹SAP shares plunge up to 17% on disappointing cloud growth - ig.com. â€‹â€‹SAP shares plunge up to 17% on disappointing cloud growth ig.com,https://news.google.com/rss/articles/CBMitAFBVV95cUxNbnIzRVdqbDR6QjhUbTJ0NTM1X242X2xhV25OZlgtWEowdW81aDhsd0MyV3VLLWlUbnFlWG0yMkpMMER6SmNMdmIyWjM1WFlFMDRJdnNBVlpHNEo2cHlhcEhsT2ozLVBDQUpYSXBvdndMWUlhYjM5ZjJJLUxnLU1CSC1KQUh0d29Yc3NTWGxRMlBVRUlBSEVJM1A1MTJ2aXVvdklFQkd1Wk1YNGpUeERIZXBXME0?oc=5,"Thu, 29 Jan 2026 08:00:00 GMT",Google News - SAP Investor Relations,market,ig.com,2026-06-22T20:07:38+00:00
d9c9df47751f0651,"INFRONEER Joins Accenture, SAP Japan to Build Financial Data, Insights Platform - Moomoo","INFRONEER Joins Accenture, SAP Japan to Build Financial Data, Insights Platform Moomoo","INFRONEER Joins Accenture, SAP Japan to Build Financial Data, Insights Platform - Moomoo. INFRONEER Joins Accenture, SAP Japan to Build Financial Data, Insights Platform Moomoo",https://news.google.com/rss/articles/CBMi3gFBVV95cUxObHpKVEszY1E4WGtPX3NtUVFIOWhiRXp3RnMzYWcwcXY5VlROSkVSV2owS0U0Y0cxdnJOaXg2UThSOGlhM2xvRGZTdFRGMkYzcWZ3MklKajRwb2FRaUtKN2FmSDljWXpabThQOUt6WVQ0UWhTRUZLT1RNS3NtWEpDZVYtRVhENHl5OGUwQmRzM1l6eFBCVnM2R2Fyb19KdC14RmtLLWpVVVQyb3VRNGRNNkptOXhCeE1IXzVTdVpFMDZPQW1MNmRsWlEwVzlfYWtqenZjb1V0djBOQjlLNXc?oc=5,"Mon, 22 Jun 2026 08:28:07 GMT",Google News - SAP Investor Relations,market,Moomoo,2026-06-22T20:07:38+00:00
4c22006d06e079ae,"Amex GBT and SAP Concur Forge Alliance to Transform Business Travel, Expense and Payments Experience - Business Wire","Amex GBT and SAP Concur Forge Alliance to Transform Business Travel, Expense and Payments Experience Business Wire","Amex GBT and SAP Concur Forge Alliance to Transform Business Travel, Expense and Payments Experience - Business Wire. Amex GBT and SAP Concur Forge Alliance to Transform Business Travel, Expense and Payments Experience Business Wire",https://news.google.com/rss/articles/CBMi7AFBVV95cUxNdFI1My13SkRhcDVlNXBVNFowN0tKdU10TFdHQXk0dDZQaVhwNWY5anl4OWdkcTg5MlQ5djRaUXZlVDBGSGxOZ1ZmUFp4OW1XU0tkSE5ydnotYklNazZBLTNXODgyMUtNb0dLSTZIbnQtYy1FYUlvOXUwRkNnVFRUOVdldW1sWDRpblF0SGtNTEFsd2toUlZZS3NzYmtsVmdCWkt0bVhTVzluRkY4dlNPZS00TU9YWjVVQnhLYUxYN29ZYzRfWmQwaFpHb2R6bGpjbkV1VUhTMktINTdtbEI3Tm1nOEU3VVNZYWMzVA?oc=5,"Fri, 03 Oct 2025 07:00:00 GMT",Google News - SAP Investor Relations,market,Business Wire,2026-06-22T20:07:38+00:00
b9cbc4099ee67d78,SAP SE stock (DE0007164600): Cloud boom and AI push keep investors focused after latest earnings - AD HOC NEWS,SAP SE stock (DE0007164600): Cloud boom and AI push keep investors focused after latest earnings AD HOC NEWS,SAP SE stock (DE0007164600): Cloud boom and AI push keep investors focused after latest earnings - AD HOC NEWS. SAP SE stock (DE0007164600): Cloud boom and AI push keep investors focused after latest earnings AD HOC NEWS,https://news.google.com/rss/articles/CBMiygFBVV95cUxQaG56eFVwN2hqUzlveG9falRjOUJyY3BjX1I5SkZYektoOUs4cFBxZW5NUWcxN3o5Q2hXZ3FMX18wenRHay1KRjBRempYdFpDS0VUc0hQb1gxVmVHRkFqZzlKb0IwN2syTGFZYWRGdVRhYVlsVHJNSG4yTDc1RU03RDVzZXkyZGdRejA0RkVwMWl1akdVUkYxVl9JUjEtN3pJNzRrczg2NjgzQ3hULU54cl9pY2hZRU5JZG1yR1l0UEwtOEpqallkYy1R?oc=5,"Wed, 10 Jun 2026 07:00:00 GMT",Google News - SAP Investor Relations,market,AD HOC NEWS,2026-06-22T20:07:38+00:00
d6a249392568e675,SAP SE stock (DE0007164600): Cloud momentum shapes Q1 2026 earnings and investor focus - AD HOC NEWS,SAP SE stock (DE0007164600): Cloud momentum shapes Q1 2026 earnings and investor focus AD HOC NEWS,SAP SE stock (DE0007164600): Cloud momentum shapes Q1 2026 earnings and investor focus - AD HOC NEWS. SAP SE stock (DE0007164600): Cloud momentum shapes Q1 2026 earnings and investor focus AD HOC NEWS,https://news.google.com/rss/articles/CBMixgFBVV95cUxOWG1uZUxMeTZTV19qa0oxaVp5ZWxmZkdDc0ttV0hQaFhuU19pSWVvQmhJM3plYWc5WTJYSWl3UUE0QjRqN0hWNTMtdEhrMTE4d0VYbVVnTTFTTlgtcDlYOVRfd2ZPd2VzM3MtSjlNdkxUMmhSdDdWVkstVmRmcXp6a0tMM1hLbUpKUXp2S3F1YnJnSWV0b0RWNVdKYVJHRDdINmdrTjJ1dVVlYm1rZmtCUGtzRjlYZTJoSWVXczJIOWdDMmlZWnc?oc=5,"Wed, 27 May 2026 07:00:00 GMT",Google News - SAP Investor Relations,market,AD HOC NEWS,2026-06-22T20:07:38+00:00
c4997d207e089663,SAP SE stock (DE0007164600): Enterprise software leader navigates AI growth - AD HOC NEWS,SAP SE stock (DE0007164600): Enterprise software leader navigates AI growth AD HOC NEWS,SAP SE stock (DE0007164600): Enterprise software leader navigates AI growth - AD HOC NEWS. SAP SE stock (DE0007164600): Enterprise software leader navigates AI growth AD HOC NEWS,https://news.google.com/rss/articles/CBMiwgFBVV95cUxNQUlrWVVsNk40VTB2NkNlR2pDbHhXd3p2Y3Zfc3dSdHRJRHp6alZncW04NGNfRUdxU3ZjZGlVVU4xNzJYeUhzQVBCSUFBU3E2cTJSVWExVDVPYUIwSjl5TjdSOEtqako1aVQtS0Zpd2VzSTdlUmpOdmxUY3dKcmctX3VpVURHNHd3ckdoMnlwcmlDcFpUdi1JU2lRYldiaTZOUVctWnI1bnR6MDRBbm15b2tkdUktY05UVUlJWUhzTEI4QQ?oc=5,"Mon, 11 May 2026 07:00:00 GMT",Google News - SAP Investor Relations,market,AD HOC NEWS,2026-06-22T20:07:38+00:00
60694ca83276d108,SAP SE stock (DE0007164600): Enterprise software leader navigates AI and cloud shifts - AD HOC NEWS,SAP SE stock (DE0007164600): Enterprise software leader navigates AI and cloud shifts AD HOC NEWS,SAP SE stock (DE0007164600): Enterprise software leader navigates AI and cloud shifts - AD HOC NEWS. SAP SE stock (DE0007164600): Enterprise software leader navigates AI and cloud shifts AD HOC NEWS,https://news.google.com/rss/articles/CBMixwFBVV95cUxOY2NSaHRhWG5lSDB0ZEFJaktuY3pDSzNrUDFOb3JJaFZFR0JXOC0ycG4xWGJMR3ZWay02QlZUMVlKc2piZVdncnQ3bFVMM09FOEtwcl85TEJwMk4yWUxDRmd6RVVmWm9MNDlxcEh4enc4ZEZzZ0V5c1lkLWtMRkxVSC04OGZKcm1yaTFoUUZWNzNYV0QyNDRYTzZMWmtQQ1VxVm8wZnZIdTlIbDNFdG1XWmw3dVdoT3dDN0VGT3VEbVp2d1ZUOUtJ?oc=5,"Mon, 11 May 2026 07:00:00 GMT",Google News - SAP Investor Relations,market,AD HOC NEWS,2026-06-22T20:07:38+00:00
2ac2e4e76cf36eca,SAP SE stock (DE0007164600): cloud momentum and outlook after latest quarterly results - AD HOC NEWS,SAP SE stock (DE0007164600): cloud momentum and outlook after latest quarterly results AD HOC NEWS,SAP SE stock (DE0007164600): cloud momentum and outlook after latest quarterly results - AD HOC NEWS. SAP SE stock (DE0007164600): cloud momentum and outlook after latest quarterly results AD HOC NEWS,https://news.google.com/rss/articles/CBMiwgFBVV95cUxNRXd6aHdpMmlXU3lkeFFzNFFCeUxkdXNrcE5NSmhmdEhmcWtRZTI4cTlXYnJHeXBYcHFNaDI2VHBFZHBidWhLaXZLYklLVE12YkdHOFp5a2hQMS1RTTZ5NmRCLW5zdjl5REhUZVB0VDZ6UnMtSVNEbVFuY2hJdXFBY2RKMXNPVzFnc2VyTm9TdV81R1VmV1ZkNWczV3VEdjg4SWFXY2dWQ1dXNkxQeU9CMExuQzZuYlZveU1xb2NhMUVDdw?oc=5,"Fri, 22 May 2026 07:00:00 GMT",Google News - SAP Investor Relations,market,AD HOC NEWS,2026-06-22T20:07:38+00:00
43c48e1e145e07c4,SAP SE stock (DE0007164600): AI push and cloud growth keep investors focused after recent results - AD HOC NEWS,SAP SE stock (DE0007164600): AI push and cloud growth keep investors focused after recent results AD HOC NEWS,SAP SE stock (DE0007164600): AI push and cloud growth keep investors focused after recent results - AD HOC NEWS. SAP SE stock (DE0007164600): AI push and cloud growth keep investors focused after recent results AD HOC NEWS,https://news.google.com/rss/articles/CBMiwgFBVV95cUxPSVpicW00MEw4bHNRNG5IWVdXaEhqelhiY0FBUlBZOTl6SndQc1FkUVJaTHhlTnMtc216czVuNDMtSUlocENBRE1WUnBGelVud0xPTlBycFpHUGY1VkFZY3RyV1dtMFowdnhRRnlQRVQtME9odEFxaExIdXppUTFWQTdPTGlmdmpjLUlKVVY0dTN3SWE4LXplNGZrVmlObnp1QUk3Z3NjaWpkOXpBYjdOdGVmOW9XWUhkTXFNRHRiaUF1UQ?oc=5,"Thu, 21 May 2026 07:00:00 GMT",Google News - SAP Investor Relations,market,AD HOC NEWS,2026-06-22T20:07:38+00:00
83502a6f60c1b1ea,SAP SE stock (DE0007164600): Cloud momentum after Q1 results and upgraded outlook - AD HOC NEWS,SAP SE stock (DE0007164600): Cloud momentum after Q1 results and upgraded outlook AD HOC NEWS,SAP SE stock (DE0007164600): Cloud momentum after Q1 results and upgraded outlook - AD HOC NEWS. SAP SE stock (DE0007164600): Cloud momentum after Q1 results and upgraded outlook AD HOC NEWS,https://news.google.com/rss/articles/CBMiyAFBVV95cUxOU0U5NDNhUWctX2FibTBoU0kxUVFOY2g5WjlGRUlwb21aY2wwcXhiWjkxWkFQbWRvSzRHUzRoZVdoQnJLOW92M3dweXNBNXZOX0FOUEp3YzhFMnBEZS11YXdiTmNpWFlZbFROUDBWNmpzRGljaG1Pd0lzd1FnNm4yQzdPRE1lQl9GUm5URExJS0xvLVVUTFFPTWswY29EMXRCZXNnUHBxVGFGUWt2cE1PU3JLeG85dnRxMnFlYkdDWUFmamtjNWxXaA?oc=5,"Wed, 20 May 2026 07:00:00 GMT",Google News - SAP Investor Relations,market,AD HOC NEWS,2026-06-22T20:07:38+00:00
a65b6e3c9706306f,SAP SE stock (DE0007164600): cloud momentum after strong Q1 and new share buyback - AD HOC NEWS,SAP SE stock (DE0007164600): cloud momentum after strong Q1 and new share buyback AD HOC NEWS,SAP SE stock (DE0007164600): cloud momentum after strong Q1 and new share buyback - AD HOC NEWS. SAP SE stock (DE0007164600): cloud momentum after strong Q1 and new share buyback AD HOC NEWS,https://news.google.com/rss/articles/CBMiyAFBVV95cUxQUm1ibUVOcEdqRFdtajZ1R2hQTFNfTGhtRFRhWlVtbWNmX0I4dElydVFiVFBGeGR5R255N3I1ejFZa2o3eDl2cHJsX3FERkp3a1d2d0M3cmFkZ2hsZ2lUNEtZSC01UUN3WDJHeEh4SFZNMzFOcXJhREJQSGZfWEV3WjEtUWs2Z0VGQVBPaWk3UzBqQ3pqRE9OOVVnWEFrcC1BM0NHbGlsMGU1QTFjTGJGN3pUX05NdWRrX1dpdnM0TDVoYzdEYXJQZg?oc=5,"Sat, 23 May 2026 07:00:00 GMT",Google News - SAP Investor Relations,market,AD HOC NEWS,2026-06-22T20:07:38+00:00
9656cac05db8a427,SAPâ€™s â‚¬2.9 Billion Dividend Payout Canâ€™t Mask a Stock Thatâ€™s Lost a Quarter of Its Value - AD HOC NEWS,SAPâ€™s â‚¬2.9 Billion Dividend Payout Canâ€™t Mask a Stock Thatâ€™s Lost a Quarter of Its Value AD HOC NEWS,SAPâ€™s â‚¬2.9 Billion Dividend Payout Canâ€™t Mask a Stock Thatâ€™s Lost a Quarter of Its Value - AD HOC NEWS. SAPâ€™s â‚¬2.9 Billion Dividend Payout Canâ€™t Mask a Stock Thatâ€™s Lost a Quarter of Its Value AD HOC NEWS,https://news.google.com/rss/articles/CBMiwAFBVV95cUxNNDdDRjRUNTNYUVhibGpXM3F2VDdNU1kzcVJXbGlHSTdFUG5IcnBUTEIteDYtSVJDdVVoSHgyQjFUdnRFOWQ0YUt3Tk93YWoxMjNxV3pUTTRPd2JDOUxieFVkUHNfdG1rMF9GNHZ5d2pnSEdGTERZd1V6b3BpMDBXRk5NdlVHdjZwdUtWV3o5ZGZ5ekc0TjM4SGlCX1h0TW5OTExPTTZvSTljY3p3RUthcC1zMi1LeW1GbTJIYzFYM2U?oc=5,"Wed, 06 May 2026 07:00:00 GMT",Google News - SAP Investor Relations,market,AD HOC NEWS,2026-06-22T20:07:38+00:00
393b5166477015f5,SAP SE stock (DE0007164600): Cloud momentum and AI push after latest quarterly report - AD HOC NEWS,SAP SE stock (DE0007164600): Cloud momentum and AI push after latest quarterly report AD HOC NEWS,SAP SE stock (DE0007164600): Cloud momentum and AI push after latest quarterly report - AD HOC NEWS. SAP SE stock (DE0007164600): Cloud momentum and AI push after latest quarterly report AD HOC NEWS,https://news.google.com/rss/articles/CBMiwgFBVV95cUxPcHdiOFJCME1Tb3dMTjRabW1UVU51SmstRldNTmZEbDF2WURLU1hZZUY5NzhUa2JzdVdZQURkVFRGWnl6b0ZnLVBLTjh0anZMbDRaYld4R1BpMG9Wa1BkVms5OHJBb1o4dzN3T2xCTXRqNFJRMWRRdG9MTG80WXRWT1BRZXR5VmtGUnA4MkNPUFJVUHN5TXBGcEFzdkEyaTcwcXh6TVZGeTliSVlHU3dySzByV2lBOW5HM2dYZW5KZWIxUQ?oc=5,"Tue, 19 May 2026 07:00:00 GMT",Google News - SAP Investor Relations,market,AD HOC NEWS,2026-06-22T20:07:38+00:00
808d6cff075f2adf,SAP SE stock (DE0007164600): Cloud momentum and AI push after latest earnings - AD HOC NEWS,SAP SE stock (DE0007164600): Cloud momentum and AI push after latest earnings AD HOC NEWS,SAP SE stock (DE0007164600): Cloud momentum and AI push after latest earnings - AD HOC NEWS. SAP SE stock (DE0007164600): Cloud momentum and AI push after latest earnings AD HOC NEWS,https://news.google.com/rss/articles/CBMiwgFBVV95cUxNZW40cW5TSmtOT1ByRzlJVFhqYlpnX1FtM1F2UFpiMmZLOVBvYkktalQyR1d6QVFIMVFqY3BaQ0F1VmNucXcxRzBXTV9pT2hWTk9vNnRZZmQxUEhJVmNLQVlOZWd3RlZxbTJvdU96R2gzNENqeUllaTJaV0FnWEpiSXBReEVZY1RDc01OWTFINk9ES1lwMVpudmliamhkWGRpSzhneEN5eW0yQlZ4YTJfT1FGRzl3bjU5aXh5RUhLQ1Bodw?oc=5,"Tue, 09 Jun 2026 07:00:00 GMT",Google News - SAP Investor Relations,market,AD HOC NEWS,2026-06-22T20:07:38+00:00
42636b28412666d8,Top 50+ SAP FICO Interview Questions & Answers in 2026 - Simplilearn.com,Top 50+ SAP FICO Interview Questions & Answers in 2026 Simplilearn.com,Top 50+ SAP FICO Interview Questions & Answers in 2026 - Simplilearn.com. Top 50+ SAP FICO Interview Questions & Answers in 2026 Simplilearn.com,https://news.google.com/rss/articles/CBMifEFVX3lxTE9xRnVBVmRNa1VqYWRVX0dBaUZyd1pRdk1sckdkeUxHU0UtV09Dd3ppVF8zcGx2R1c1Zm9zeEs2RndsSVY0Q0NvdUdXOUNPTGQtY2tnSGxGUkdfSjZIWDdyTDI1aE5zQVE5eHBHWFlxZnBKb0RUd1k0dGxLN3o?oc=5,"Tue, 28 Apr 2026 07:00:00 GMT",Google News - SAP Investor Relations,market,Simplilearn.com,2026-06-22T20:07:38+00:00
9e98475a4fdfa2ef,SAP SE stock (DE0007164600): Cloud push and AI bets drive results and sentiment - AD HOC NEWS,SAP SE stock (DE0007164600): Cloud push and AI bets drive results and sentiment AD HOC NEWS,SAP SE stock (DE0007164600): Cloud push and AI bets drive results and sentiment - AD HOC NEWS. SAP SE stock (DE0007164600): Cloud push and AI bets drive results and sentiment AD HOC NEWS,https://news.google.com/rss/articles/CBMiwwFBVV95cUxNWVFUb2dncTNwREJudTIxY0xoaURoYjFrc2JFeHowX2F2XzdXUnc4RnJMNGZIUjdSQWV3cjF6dW5NSkxsandjdWRYejRpVE45Z1k2a2lhZ0F3SzdSSS1mek5yRXpDVXRqNTgwY09nNlZjT1JJUWdDdTJiUDZqLWswZU9lMTlsLVlQQjQ3R1VCVU84S2RFeXg4NXFxQXJSWXZWdkVjNkJ1Zjd3WG1EVEF4WW5sd3FHSDFsczAwelV5MnBQN00?oc=5,"Sat, 09 May 2026 07:00:00 GMT",Google News - SAP Investor Relations,market,AD HOC NEWS,2026-06-22T20:07:38+00:00
792b91833bb7fb46,SAP SE stock (DE0007164600): AI push and cloud momentum keep investors watching - AD HOC NEWS,SAP SE stock (DE0007164600): AI push and cloud momentum keep investors watching AD HOC NEWS,SAP SE stock (DE0007164600): AI push and cloud momentum keep investors watching - AD HOC NEWS. SAP SE stock (DE0007164600): AI push and cloud momentum keep investors watching AD HOC NEWS,https://news.google.com/rss/articles/CBMixAFBVV95cUxPcU1DZnZtcmZmQWZBekU5clhRclU4TTRab29kalhQY1l6LXhRcWUyQVg2M2E2RDExX25VY1Q0a2RLQUtQdmUzTU1uQUhrY2w4OF9hQkFxNC00RTd6YWhjZ1JfdEFrblpuUktKVzZaelZKdWlfUWE3STBTS0Q5eENpLVR5N09TNWxsajROV1JhNFNfZVhPVTgzNnR1Q0gzc1Z1SkpqR0Z3VDl1Q0lUU09iNGdRZlNkQnh1T3hjSXR1a2VFSXdl?oc=5,"Wed, 20 May 2026 07:00:00 GMT",Google News - SAP Investor Relations,market,AD HOC NEWS,2026-06-22T20:07:38+00:00
6a8be1d848b8a923,SAP SE stock (DE0007164600): cloud momentum and AI push after latest earnings - AD HOC NEWS,SAP SE stock (DE0007164600): cloud momentum and AI push after latest earnings AD HOC NEWS,SAP SE stock (DE0007164600): cloud momentum and AI push after latest earnings - AD HOC NEWS. SAP SE stock (DE0007164600): cloud momentum and AI push after latest earnings AD HOC NEWS,https://news.google.com/rss/articles/CBMiwgFBVV95cUxNVjRvek53OWdYZHJocTQwc24zeUZoX05kSVRzRGZRc3lENmZpVFJzX1pQeld3RnAwV2x1aE9ZVUFBYWZ5cnhWeWI2OHFSaHF5a1lBUmJXM2c4N2lmRlJDNVJlc1Z2V0hEVVlBSHl3NG5TaDl6cXhGTnNFME5US1JTclNrX3c3aTRKSDBITmlDUWhXOVdTdDV1SlpNOG0xX2t3YkEwc3BvV0p5Z09ZOHduUTMzcnlKSmNyVk9KanVOS2NPQQ?oc=5,"Mon, 18 May 2026 07:00:00 GMT",Google News - SAP Investor Relations,market,AD HOC NEWS,2026-06-22T20:07:38+00:00
7ab619aac1b32820,SAP SE (ADR) stock (US8030542042): steady trading ahead of Q2 update and valuation focus - AD HOC NEWS,SAP SE (ADR) stock (US8030542042): steady trading ahead of Q2 update and valuation focus AD HOC NEWS,SAP SE (ADR) stock (US8030542042): steady trading ahead of Q2 update and valuation focus - AD HOC NEWS. SAP SE (ADR) stock (US8030542042): steady trading ahead of Q2 update and valuation focus AD HOC NEWS,https://news.google.com/rss/articles/CBMixAFBVV95cUxPUWdOd3Vaa0FhVDFCT1cxQy1ZdWFEeEM0dWVFbkZuX1AzVEJlejVjb3BWMkEySEZzbTc3b290blo5dVdGSzdXV3ROamNkb3FienBGVE9pb2h2c1ZVd0pSYWE5MUp4Qm1KX0hFbTFWTThrTmEwQ2ltamtDaE9QTS1XTjJtRWFqaW5XeDB1SVJ3b1dfQ3NHdUtmVGxVY05fZzB6bnc1Ymo5QTN6M3dVdEZZVE5LYjBZYUdKQURPaTVZYXhWYnNs?oc=5,"Fri, 29 May 2026 07:00:00 GMT",Google News - SAP Investor Relations,market,AD HOC NEWS,2026-06-22T20:07:38+00:00
80d74faafc400ea6,SAP SE stock (DE0007164600): Cloud push and AI bets shape outlook for US investors - AD HOC NEWS,SAP SE stock (DE0007164600): Cloud push and AI bets shape outlook for US investors AD HOC NEWS,SAP SE stock (DE0007164600): Cloud push and AI bets shape outlook for US investors - AD HOC NEWS. SAP SE stock (DE0007164600): Cloud push and AI bets shape outlook for US investors AD HOC NEWS,https://news.google.com/rss/articles/CBMixwFBVV95cUxQbDYtZTh0N0RObEozSVRxZ0dKNFJubUZmTWtZS1ZLRmc4ZDBCNVJTR2VtUGNGQ3R2V2t4ck5rX2UzWkhUUzhMODRVNnRjWmQ5dWFDb1BHLXR6NXBSLTBZQkR4Qk84dnI4bHVrU1doaTdEa19sQ19kMmRUaENGREdZeDI3VkpzNUlnZk1BRElydktKejdiUmNSb1hQcmtXek1wUWNiTnRsOWYydzIyaFNmSTFWZ0plTUZRamo3d0xwd3BaRkVRem9N?oc=5,"Sat, 09 May 2026 07:00:00 GMT",Google News - SAP Investor Relations,market,AD HOC NEWS,2026-06-22T20:07:38+00:00
08305726f82c8529,SAP SE Stock (DE0007164600): Analyst Views and Modest Price Gains Keep Shares in Focus - AD HOC NEWS,SAP SE Stock (DE0007164600): Analyst Views and Modest Price Gains Keep Shares in Focus AD HOC NEWS,SAP SE Stock (DE0007164600): Analyst Views and Modest Price Gains Keep Shares in Focus - AD HOC NEWS. SAP SE Stock (DE0007164600): Analyst Views and Modest Price Gains Keep Shares in Focus AD HOC NEWS,https://news.google.com/rss/articles/CBMixAFBVV95cUxPd0FtZ2dVbzEwakZyMElEVlNJX1gwWGZtMm8zN05xazZqY25ucFM0SnBlT3ppdDdlMDFLMkdUTEt0X25LVjd4Mk1hOEdJSjA5SHNmdFJBVHViRS1KUmdUUVJpbEpwNkFYLWdoVDFsc2dFSjJHdDB5Zy1qeFRORERqS1FzdGNSVXRfaVZ6SWpLNWNpcmFxT0EyVHVMdEg4VDI2LXUxTG8zdUNDU1ZQQUI2bXdyZ01nX0xmdEpZU3F4RGpNNGZG?oc=5,"Tue, 16 Jun 2026 18:01:27 GMT",Google News - SAP Investor Relations,market,AD HOC NEWS,2026-06-22T20:07:38+00:00
5040c00e2904d912,SAP SE stock (DE0007164600): Shares ease on Xetra ahead of Q2 earnings as investors weigh software p - AD HOC NEWS,SAP SE stock (DE0007164600): Shares ease on Xetra ahead of Q2 earnings as investors weigh software p AD HOC NEWS,SAP SE stock (DE0007164600): Shares ease on Xetra ahead of Q2 earnings as investors weigh software p - AD HOC NEWS. SAP SE stock (DE0007164600): Shares ease on Xetra ahead of Q2 earnings as investors weigh software p AD HOC NEWS,https://news.google.com/rss/articles/CBMiyAFBVV95cUxPa2VRWEU5ZFZCakx3aldVN3JFWi1oQmc1NUxSYWJ1U0M2T3BCX0JfTXFFX3gxVFJEcjRXdkJjaUlXZFZzNGx0R1pOV05iTmJua3lGSU1ybVcwcHNwejVpc2lic2RhczZIMk43OE5fVkQ5c01WUTl0dWlhYWVxeTg0TXpEaEpGOERmb2prZ1RCRGVxS09wMFROUkZrREVJcGlmbDJYb2toSjFDd3VtVk8xWmtvZll4S1hrVl9zZVJseHRiZmQ1a1NfNA?oc=5,"Wed, 03 Jun 2026 07:00:00 GMT",Google News - SAP Investor Relations,market,AD HOC NEWS,2026-06-22T20:07:38+00:00
676036b51634a024,SAP SE stock (DE0007164600): Shares drop 4.56% on AI strategy and security concerns - AD HOC NEWS,SAP SE stock (DE0007164600): Shares drop 4.56% on AI strategy and security concerns AD HOC NEWS,SAP SE stock (DE0007164600): Shares drop 4.56% on AI strategy and security concerns - AD HOC NEWS. SAP SE stock (DE0007164600): Shares drop 4.56% on AI strategy and security concerns AD HOC NEWS,https://news.google.com/rss/articles/CBMixwFBVV95cUxORnJSMl9ITGxJd1k0SzdWQVFVZmpiZE1YSENXV0ZWODg2TVd5NDBVd0dDaHAxTUlUOU82aURhelFISGhrM0w0ZDRVZHBRNU0yUWJzeWl0T0E1UE91aWxCaHZVQVlyT2hGZ3YtVDFKSVNNQXZrMDFfWVlMSHpWNU42TnY4anF3M0ZjT09HeXJ2R0pvTzFvMlc1VVZfN0lRQjJhX0V1QUREdnZ1SWpUY3dKXzF3dWF1MGlEYVVsVjhVcVZfRng1dVJB?oc=5,"Wed, 13 May 2026 07:00:00 GMT",Google News - SAP Investor Relations,market,AD HOC NEWS,2026-06-22T20:07:38+00:00
6f0dd0e4bb2a0800,SAP Shareholders Greenlight Digital Shares as Cloud Momentum Sets the Stage for Orlando - AD HOC NEWS,SAP Shareholders Greenlight Digital Shares as Cloud Momentum Sets the Stage for Orlando AD HOC NEWS,SAP Shareholders Greenlight Digital Shares as Cloud Momentum Sets the Stage for Orlando - AD HOC NEWS. SAP Shareholders Greenlight Digital Shares as Cloud Momentum Sets the Stage for Orlando AD HOC NEWS,https://news.google.com/rss/articles/CBMixwFBVV95cUxOc1NjcTN5NlpyUTNaR2FxUG1JQkx1Wm1ReVRnTEd3aDJ3TmFEOVo3VWNQS0xSVXJTdk8yTGpzRHppYUx2ZnRQZHdCUjNhZ0x1cUNBV29ibmNxelVYeWtwWnBtQ2pDVkRYc2lkVkJMZlQydm1RYW9BZEhMY3NWc0duSE5UQmhQbmZTOUd5N1NqUndQRlQxNTVYYmJoeXJHNW85UXY4NzBQWHplc0pvUy1qUG51eWk3dTExZl9vU0ZURWpPSVZGRl9N?oc=5,"Sat, 09 May 2026 07:00:00 GMT",Google News - SAP Investor Relations,market,AD HOC NEWS,2026-06-22T20:07:38+00:00
1a2ba1c8414f1585,SAP SE Stock (DE0007164600): Analyst Targets Contrast With 30 Percent YTD Slump - AD HOC NEWS,SAP SE Stock (DE0007164600): Analyst Targets Contrast With 30 Percent YTD Slump AD HOC NEWS,SAP SE Stock (DE0007164600): Analyst Targets Contrast With 30 Percent YTD Slump - AD HOC NEWS. SAP SE Stock (DE0007164600): Analyst Targets Contrast With 30 Percent YTD Slump AD HOC NEWS,https://news.google.com/rss/articles/CBMiyAFBVV95cUxOd0lpb3ZxQ3BYNTdmeWZnbTkyS2tlZ3B5SkZNZC1XaFhVNTB6eGgxb0tSRVhWM1RVcnRLd0pxRXVBZ0NzTTNTNzMtU1NGODFvZnVvRjgtWTI3a3ppN0RPLThWak1hWUFjcExGN3ZIdVJFeHdHVmtrdUNKVFZxV1Q0VFIzS0x0STBCSGoyZjdLUURjZk05Qlhic3BHNGwyVDJMZERTeVZ5UHNHMGI2bnllSGZ6ZEtLRnVNZ3Q2dVJHWjdQS2ZhbXVFVg?oc=5,"Tue, 16 Jun 2026 15:13:20 GMT",Google News - SAP Investor Relations,market,AD HOC NEWS,2026-06-22T20:07:38+00:00
f05d2b22ce6f4baa,"SAP SE stock (DE0007164600): Q1 earnings beat on EPS, revenue miss - AD HOC NEWS","SAP SE stock (DE0007164600): Q1 earnings beat on EPS, revenue miss AD HOC NEWS","SAP SE stock (DE0007164600): Q1 earnings beat on EPS, revenue miss - AD HOC NEWS. SAP SE stock (DE0007164600): Q1 earnings beat on EPS, revenue miss AD HOC NEWS",https://news.google.com/rss/articles/CBMivgFBVV95cUxPRHIwek1McXFRUEFjdGxsYndzUjNqYzd2OEFmOGp5bjdMU29wS2JKa085V1JfU0l1dGh0aFl2VWV5bXhhaFVkNjdMZHJPd1NrNDBlS2l3OXpWRENwblhjbDZKanYzY1Jla0NDSXRGbW5mVVgyLXB0bEd6ZVV1cDEzQVpoYVlXOGEyNWJtM0VQX3MyVjY1MHdqbF9pZndEWUJycWc0cUJUYkZOeHNJYzB6WXRBZlRRQ04zenhCM3FB?oc=5,"Mon, 11 May 2026 07:00:00 GMT",Google News - SAP Investor Relations,market,AD HOC NEWS,2026-06-22T20:07:38+00:00
b1f21ae985a03ce7,SAP SE stock (DE0007164600): Unveils new AI platform and â‚¬100m partner fund - AD HOC NEWS,SAP SE stock (DE0007164600): Unveils new AI platform and â‚¬100m partner fund AD HOC NEWS,SAP SE stock (DE0007164600): Unveils new AI platform and â‚¬100m partner fund - AD HOC NEWS. SAP SE stock (DE0007164600): Unveils new AI platform and â‚¬100m partner fund AD HOC NEWS,https://news.google.com/rss/articles/CBMiwwFBVV95cUxOWmVUNmVONFNvQ2ZYRFp6N0NrVW1DOVdTSWNPZTEtUnAwOWx3LXJOSmE5N3U0YklTVjhpdm5HSU9IdXVSUlg1Wk5BcmotTXZPOTczQWhtSVJJX1d6VkxyNzR1MFBacng5U1dzd3hDc2VUVnhBQlhENkRweV9oejVWbVpad1M5LVZpSE1EOUhUMDhSWkpKWFJvaXotZmg5VHNMWGZVcnljQ2hfc3FWUk5LY0h6RXNvb2E5QWNZdzRVcHNjaGs?oc=5,"Tue, 12 May 2026 07:00:00 GMT",Google News - SAP Investor Relations,market,AD HOC NEWS,2026-06-22T20:07:38+00:00
caea8a0092cea899,SAP SE stock: Cloud confidence meets valuation tension as investors weigh the next leg up - AD HOC NEWS,SAP SE stock: Cloud confidence meets valuation tension as investors weigh the next leg up AD HOC NEWS,SAP SE stock: Cloud confidence meets valuation tension as investors weigh the next leg up - AD HOC NEWS. SAP SE stock: Cloud confidence meets valuation tension as investors weigh the next leg up AD HOC NEWS,https://news.google.com/rss/articles/CBMiywFBVV95cUxOM2trOE1TYk5Oazl5d2FiMEpWRU4xSmtqYUh2ZG9LaUMwNDA4dDJMM0lUaFdDamxCcFhaZGNIa0lFcFJTU1Qtc2MzS2JYclIyeDByYWQ0LWQ2bWc4NzVMVUsyRUhjUzdGNXNLU3BVTlJSVDBWbnpHWWFXUGtYS3RPS1lRZ1FOby01dldvREhfMW9GV29EYnNuMkhXOUNRcW1NajZLTHZJODNOWXVpSnJyTmZ5bk1yUnhCZUttbzdoOUZNY0I4TGViY1pvYw?oc=5,"Tue, 06 Jan 2026 08:00:00 GMT",Google News - SAP Investor Relations,market,AD HOC NEWS,2026-06-22T20:07:38+00:00
7c4c331212d3d8c7,SAP Stock - quiet tape puts Thursdayâ€™s technical picture in focus - AD HOC NEWS,SAP Stock - quiet tape puts Thursdayâ€™s technical picture in focus AD HOC NEWS,SAP Stock - quiet tape puts Thursdayâ€™s technical picture in focus - AD HOC NEWS. SAP Stock - quiet tape puts Thursdayâ€™s technical picture in focus AD HOC NEWS,https://news.google.com/rss/articles/CBMivwFBVV95cUxQYnNtZmY3eXB5ZFlSTHBrbndjU1dCQ0RnUEVFVS1CaVFYeTB4MVRBRE10TTU1bTN1cFg5RXJRa0NkQTZLMTRMcEJtZGxKNHVYYzFCd0VtV3NrRWduSE82dTIxUlZ5N1NFZzY5ZmRRX3VmUzFTTUllT1VzcmRJdEJTVzBEQzhzcnozYWlJTEY5NlcxVUkxdmRVZzhFQUlLM25kX3JnRDhSdXFPN19Vd0FiTDgtRTJaNmRFaEFCZkN4MA?oc=5,"Thu, 18 Jun 2026 19:41:56 GMT",Google News - SAP Investor Relations,market,AD HOC NEWS,2026-06-22T20:07:38+00:00
a8e7fe6634c2acd8,SAP Stock - analyst consensus and chart picture on a quiet news day - AD HOC NEWS,SAP Stock - analyst consensus and chart picture on a quiet news day AD HOC NEWS,SAP Stock - analyst consensus and chart picture on a quiet news day - AD HOC NEWS. SAP Stock - analyst consensus and chart picture on a quiet news day AD HOC NEWS,https://news.google.com/rss/articles/CBMiwgFBVV95cUxNT1FBWjQ1eUpjRm1KX1hWOHozSmlONmFCbjM4V2tNVzFkNWU3THpvOGhKcE1pWDBEY2RzUkhXUU5MV2k4alRvVlFGZ2x3YXh2Y2ptNkIxVFg2QWFZVkM1bl9uem0tWkd4UXMtQlJrYnRyMlp4NEs4Z0ViRGpHdFUzRzhzbjV6ZmRpR0xIVWNOVVlWZmZqdzIzS040ZnhiR2JIQ1hDMXBlcWxuTjBzUVU4bWlMVC0wVTE3ZWRYcWp1Rk0zQQ?oc=5,"Thu, 18 Jun 2026 11:06:15 GMT",Google News - SAP Investor Relations,market,AD HOC NEWS,2026-06-22T20:07:38+00:00
6d18608807359d9d,SAP SE Stock (DE0007164600): Q1 Revenue Up 12% to EUR 9.6 Billion - AD HOC NEWS,SAP SE Stock (DE0007164600): Q1 Revenue Up 12% to EUR 9.6 Billion AD HOC NEWS,SAP SE Stock (DE0007164600): Q1 Revenue Up 12% to EUR 9.6 Billion - AD HOC NEWS. SAP SE Stock (DE0007164600): Q1 Revenue Up 12% to EUR 9.6 Billion AD HOC NEWS,https://news.google.com/rss/articles/CBMixwFBVV95cUxPZGpITmFlVnFOLXNVeWNfZWlRekUtY25haERKVVY4eDE1S1NJcXZMbVl5RFRaOFpxcjhSWEliNzdUUVNrOXFSN09LTm02MUE2YV92aF96S2Iyd2dhYzRwWmMyamdjMGVNUS1vcTMwVnBiUjlHcDk1c1VkeUFXOTYtajVaTVBxZUxJYV9YZkRiUkZwSWZTTHc5blJGS1pyenJPU1dYN2V1OXpselM1ejZjSDBOdGhlSHlRczBjT3pRWVBQUHUyQTZn?oc=5,"Tue, 05 May 2026 07:00:00 GMT",Google News - SAP Investor Relations,market,AD HOC NEWS,2026-06-22T20:07:38+00:00
87b17e6bd962aaea,A.P. MĂ¸ller - MĂ¦rsk A/S stock (DK0010244508): SAP system overhaul adds new twist to logistics gian - AD HOC NEWS,A.P. MĂ¸ller - MĂ¦rsk A/S stock (DK0010244508): SAP system overhaul adds new twist to logistics gian AD HOC NEWS,A.P. MĂ¸ller - MĂ¦rsk A/S stock (DK0010244508): SAP system overhaul adds new twist to logistics gian - AD HOC NEWS. A.P. MĂ¸ller - MĂ¦rsk A/S stock (DK0010244508): SAP system overhaul adds new twist to logistics gian AD HOC NEWS,https://news.google.com/rss/articles/CBMiwwFBVV95cUxNOTNNTUYyTnVRUk5hZENwUE4xUTdjV1J3V2p4ZklXYm5YM29mZHdMYVVUYXZ5SGNFSkNORGNZZjZkRzM2cXl4QVFjODhmcFVUN1BldHhmMmItSGtBQjYwUmE4R2d4UFdGNGlQODhHS094b1dhRnJQMF9PVnZkay1FdW11Vk43ak45YUFYcGVpUFpZVFNoM016c0o3YXE0S0YwTWczVmtsZnFKMnFjalVPVlBCU1pzWGZxemIweXY2a2JXRW8?oc=5,"Fri, 15 May 2026 07:00:00 GMT",Google News - SAP Investor Relations,market,AD HOC NEWS,2026-06-22T20:07:38+00:00
dc22209ac3157f39,SAP SE Stock (DE0007164600): Insider transaction draws attention to DAX software heavyweight - AD HOC NEWS,SAP SE Stock (DE0007164600): Insider transaction draws attention to DAX software heavyweight AD HOC NEWS,SAP SE Stock (DE0007164600): Insider transaction draws attention to DAX software heavyweight - AD HOC NEWS. SAP SE Stock (DE0007164600): Insider transaction draws attention to DAX software heavyweight AD HOC NEWS,https://news.google.com/rss/articles/CBMixgFBVV95cUxQUkVqc3dCX1Y2eFNDYU5UcFNSVnYwa2locE0yTWFDeWpaaXJ1NG1iSkR5bVFTSjBtekZLUFdhRHY2a2ZxNm1WQmJNUlF1OGdxbjZ0cnlrcFhBVnUzdERHSmpBUUxGX3I2VGlPS1U4dXNyM1A1blVLcUtJWjdfYVUyTjdmdURzNUdERzM1T2cxanRCQXpOaHgtbEVJcEVRMWxyS085aUt1bENzeEZyajM0WUw4NHZBQjE4MXhySGRNdHJyRXdKZFE?oc=5,"Sun, 14 Jun 2026 18:25:10 GMT",Google News - SAP Investor Relations,market,AD HOC NEWS,2026-06-22T20:07:38+00:00
213c4f143e369fd4,SAP's Existential Pivot as AI Upends Its Core Business - AD HOC NEWS,SAP's Existential Pivot as AI Upends Its Core Business AD HOC NEWS,SAP's Existential Pivot as AI Upends Its Core Business - AD HOC NEWS. SAP's Existential Pivot as AI Upends Its Core Business AD HOC NEWS,https://news.google.com/rss/articles/CBMiswFBVV95cUxPbFRnYWl0anpGZUs2dW5qa1pfNmhROGVQdFpUMjlCRnplQzRDeXN4RXlZZmRNVlppdFE1ZExSZG95dEJUc1NFX1RuZWpnNWRpdmJWWFNNdUxjaUx6anMwbEJEMk5sVGtFd1JWWUFsakxEd05UWE9iQ21xOUVHVFkzNk5HVnN3ajNCWTZyOWRCVFRvTWw0T243TEV5bi1zR3NZNVlSYV9YMW80Rzd2dUJxcXJKaw?oc=5,"Sun, 12 Apr 2026 07:00:00 GMT",Google News - SAP Investor Relations,market,AD HOC NEWS,2026-06-22T20:07:38+00:00
37ea54b4a02edd87,SAP SE Stock (DE0007164600): JPMorgan sticks to Neutral as shares slide in Frankfurt trading - AD HOC NEWS,SAP SE Stock (DE0007164600): JPMorgan sticks to Neutral as shares slide in Frankfurt trading AD HOC NEWS,SAP SE Stock (DE0007164600): JPMorgan sticks to Neutral as shares slide in Frankfurt trading - AD HOC NEWS. SAP SE Stock (DE0007164600): JPMorgan sticks to Neutral as shares slide in Frankfurt trading AD HOC NEWS,https://news.google.com/rss/articles/CBMiygFBVV95cUxNcGRxdEtlZzJwQlVPUnZLdFpUeUFjc21xaUlCZS1VUld4MkNtNGZRNWxZUHhBSTREMkY2XzVmS2lKZi1xek4tbmtwNXhhSGNyVnlDUkV0bVh4aVNuekwzaFZPYXN5bDZnbHVDQkd5RXlxSXlZdHdsV1R1cGh5TmNySThuSE5TZVVjUFRQS3FDRlN5YTBYWjdab0ZZRkVTME9IQjVPLWh6ak9WVzJlbzF3ZVdXaUx4YjE0aXBHZmhzbEJhQWd4eTZDeU1R?oc=5,"Thu, 11 Jun 2026 07:00:00 GMT",Google News - SAP Investor Relations,market,AD HOC NEWS,2026-06-22T20:07:38+00:00
1e24bae38cc35f56,"SAP stock (DE0007164600): Q1 earnings beat, revenue missed - AD HOC NEWS","SAP stock (DE0007164600): Q1 earnings beat, revenue missed AD HOC NEWS","SAP stock (DE0007164600): Q1 earnings beat, revenue missed - AD HOC NEWS. SAP stock (DE0007164600): Q1 earnings beat, revenue missed AD HOC NEWS",https://news.google.com/rss/articles/CBMiswFBVV95cUxNekswZVhveWd1b2ZpQy1Xd0tmNW5RaEYtLUxkNWV1anlyU29qa1p1bFUxcl9rVEFhTU5Dd0pHT3hwNzBkSlZkQXZWSldyYXJrbUxsRm0zQUM0UjRqUlhJWFFlcVNKUnJ2anFGcmxKU1l4WlZ0M2pBNnhfV09LN1JxVEtuTGc4d3dBckhpQnNWVE56Mk1iZXAwWldOWlFncTFzTE54N2RsdGNkYnV3N3RNU2pzdw?oc=5,"Mon, 18 May 2026 07:00:00 GMT",Google News - SAP Investor Relations,market,AD HOC NEWS,2026-06-22T20:07:38+00:00
7e8898989e2d9888,"SAP shows weak June performance, shares lag DAX peers this week - AD HOC NEWS","SAP shows weak June performance, shares lag DAX peers this week AD HOC NEWS","SAP shows weak June performance, shares lag DAX peers this week - AD HOC NEWS. SAP shows weak June performance, shares lag DAX peers this week AD HOC NEWS",https://news.google.com/rss/articles/CBMivgFBVV95cUxQQ1pzMjQ5Wk02SnY0YmJuRWdKLVFJMndsRjBPSmNzNk5HYUZYczR4N0tBdHVVRTZKZVA1YWdEOFd0dVBXaXJudlN4dTVoNmdwUktpZ00xQ0pMLTk0NnU4NFMzeTRrU3FCMy16bUxFbjlpOVpHc3QyZGlGSnNkQnU5LV9vWk1Od1o0TEhDOHBRTkJIYXl2SjR0RWtYbjIxVUl6UGlPMG92SmdCbWZnUHAyMDBDTGpZM3hWcGNiR05B?oc=5,"Mon, 22 Jun 2026 18:10:25 GMT",Google News - SAP Investor Relations,market,AD HOC NEWS,2026-06-22T20:07:38+00:00
